House/Building Number, Street Name, Locality, City, State, Postal Code
123, Sardar Patel Road, Guindy, Chennai, Tamil Nadu, 600032
45, Gariahat Road, Golpark, Kolkata, West Bengal, 700029
5, Dr. Yagnik Road, Behind Tata Indicom, Rajkot, Gujarat, 360001
101, 1st Main, 3rd Cross, Koramangala, Bangalore, Karnataka, 560034
789, Anna Salai, Thousand Lights, Chennai, Tamil Nadu, 600002
23, Jangpura Extension, Jangpura, New Delhi, Delhi, 110014
6, Lavelle Road, Shanthala Nagar, Ashok Nagar, Bangalore, Karnataka, 560001
32, Park Street, Park Street area, Kolkata, West Bengal, 700016
2, Nungambakkam High Road, Nungambakkam, Chennai, Tamil Nadu, 600034
17, Sarjapur Road, Bellandur, Bangalore, Karnataka, 560103
